page,english_text,singlish,sinhala,tamil
Home,Solutions,,,
Home,5 rails,,,
Home,LankaQR · Visa · Mastercard · Amex · UnionPay,,,
Home,FREEMIUM · STARTER PACK,,,
Home,The free starter pack that turns any phone into a till.,,,
Home,"Sign up in minutes and start taking LankaQR & card payments, ringing sales and tracking stock — LKR 0 forever, no card required. Everything a micro-merchant needs to go digital on day one.",,,
Home,LankaQR & card acceptance,,,
Home,Billing & digital receipts,,,
Home,Inventory & low-stock alerts,,,
Home,Loyalty stamps & simple books,,,
Home,Start free →,,,
Home,Book a demo,,,
Home,TICKET · #1042,,,
Home,Plain tea,,,
Home,Egg roti,,,
Home,Faluda × 2,,,
Home,Rice & curry,,,
Home,Total,,,
Home,"1,800 LKR",,,
Home,ENTER AMOUNT,,,
Home,Charge · LankaQR,,,
Home,APP-LESS COMMERCE,,,
Home,"Print a code, stick it on the table or the shop window. Customers scan with any camera, browse your menu, pay by LankaQR or Visa, and earn loyalty — all in the mobile browser.",,,
Home,Customer scans,,,
Home,with the phone camera — no app install,,,
Home,Browses the menu,,,
Home,"with photos, allergens and variants",,,
Home,Pays,,,
Home,"with LankaQR, Visa or card",,,
Home,Earns loyalty,,,
Home,automatically; ticket prints in the kitchen,,,
Home,COMMERCIAL BANK LENDING,,,
Home,"Working capital,",,,
Home,underwritten by your sales.,,,
Home,"Every sale you ring up on youShop builds a real financial history. Once you qualify, Sampath Bank pre-approves a working-capital loan — settled straight into your LankaQR or Visa account.",,,
Home,PRE-APPROVED OFFER,,,
Home,LKR,,,
Home,TERM,,,
Home,90 days,,,
Home,FEE,,,
Home,3.5% flat,,,
Home,PAYOUT,,,
Home,Same day,,,
Home,UNDERWRITTEN BY ECOBANK,,,
Home,Credit score built,,,
Home,Repaid on time,,,
Home,4 of 4 loans,,,
Home,Next tier unlocks at,,,
Home,"300,000 LKR",,,
Home,"Average loan: 250,000 LKR",,,
Home,Taken twice per year on average,,,
Home,Repaid automatically from daily sales,,,
Home,No paperwork — history is your collateral,,,
Home,Tier up as your business grows,,,
Home,Payout to LankaQR or Visa,,,
Home,QR & AUDIO CONFIRMATION,,,
Home,"Desktop QR display that announces every LankaQR or Visa payment out loud, in Sinhala or Tamil. Perfect for busy counters.",,,
Home,BLUETOOTH PRINTER,,,
Home,Receipt 58,,,
Home,"58 mm Bluetooth thermal printer. Pairs to youShop in one tap, prints crisp receipts and daily Z-reports.",,,
Home,KITCHEN DISPLAY SYSTEM,,,
Home,KDS Tablet,,,
Home,Wall-mounted kitchen display for youResto and youQR. Orders appear the second they land — no more shouting across the kitchen.,,,
Home,DAY 1,,,
Home,Download & onboard,,,
Home,"Install youShop from the Play Store, or an agent walks you through it. Under five minutes to your first sale.",,,
Home,WEEK 1,,,
Home,Ring & get paid,,,
Home,"Every sale you take — LankaQR, Orange, cash — flows through LGO. Receipts print via Bluetooth if you have the printer.",,,
Home,MONTH 2,,,
Home,Build a history,,,
Home,Your digitised sales become a real financial history. Sampath Bank's model scores you in the background — no forms.,,,
Home,MONTH 3+,,,
Home,Unlock credit,,,
Home,A pre-approved loan offer appears in-app. Accept in one tap. Cash lands in your LankaQR account the same day.,,,
Home,Getting started,,,
Home,"2 articles · onboarding, first sale, printer pairing",,,
Home,Payments & refunds,,,
Home,"2 articles · LankaQR, LankaPay, cash",,,
Home,Inventory & stock,,,
Home,"2 articles · SKUs, low-stock, barcode scan",,,
Home,local-partner lending,,,
Home,"2 articles · eligibility, repayment, top-ups",,,
Home,youResto & youQR,,,
Home,"2 articles · tables, KDS, delivery",,,
Home,Hardware,,,
Home,"2 articles · POS, SoundBox, printers",,,
Home,English,,,
Home,Default · full coverage,,,
Home,Sinhala,,,
Home,"App, receipts & SoundBox voice",,,
Home,Tamil,,,
Home,App & receipts,,,
Home,Singlish,,,
Home,Cashier-friendly English,,,
Home,SOUNDBOX VOICE PREVIEW,,,
Home,LankaQR payment received — two thousand five hundred rupees,,,
Home,connect@lgotech.lk,,,
Home,Play Store,,,
Home,Products,,,
Home,Merchants,,,
Home,How it works,,,
Home,Help centre,,,
Home,Sinhala · Tamil,,,
Home,Company,,,
Home,Contact,,,
Home,Terms of use,,,
Home,Privacy policy,,,
Home,"— operated by LGO, Sri Lanka. Payments by LankaPay (CBSL-licensed). Credit by Sampath Bank.",,,
Home,· Confidentiality,,,
youShop,Solutions,,,
youShop,Unified retail platform,,,
youShop,One platform for every counter,,,
youShop,"POS, inventory, payments, e-commerce and accounting run in a single platform — no third-party integrations to stitch together or reconcile by hand.",,,
youShop,Real-time inventory,,,
youShop,Stock that stays in sync,,,
youShop,"Live stock across every store and online channel, with low-stock alerts, batch and expiry tracking and automatic reordering from your suppliers.",,,
youShop,Omnichannel orders,,,
youShop,"Sell everywhere, manage once",,,
youShop,"In-store sales, your WebShop and social-selling orders all land in one dashboard, so fulfilment and returns stay simple as you grow.",,,
youShop,Offline billing,,,
youShop,Keep selling with no signal,,,
youShop,"Bill customers, take payments and update stock even when the internet drops. Every sale and receipt is saved on the device and syncs the moment you reconnect.",,,
youShop,Compare plans,,,
youShop,Freemium to Starter — feature by feature.,,,
youShop,Every youShop tier builds on the one before it. Here is exactly what unlocks as you move from a single free counter to a growing shop.,,,
youShop,Legend,,,
youShop,✓ Included · — Not included · Text = feature scope at that tier,,,
youShop,Feature,,,
youShop,What it does,,,
youShop,FREEMIUM,,,
youShop,forever,,,
youShop,Free,,,
youShop,STARTER,,,
youShop,/POS · mo,,,
youShop,Premium · 1–2 outlets,,,
youShop,Talk to sales,,,
youShop,Core service & ordering,,,
youShop,Billing & Invoicing,,,
youShop,"Sales, receipts and invoices",,,
youShop,100 SKUs,,,
youShop,250 bills / month,,,
youShop,500 SKUs,,,
youShop,"1,000 bills / month",,,
youShop,Number of Stores,,,
youShop,Stores supported per account,,,
youShop,Staff User Accounts,,,
youShop,Cashier + admin users,,,
youShop,Offline Billing,,,
youShop,"Bill offline, sync on reconnect",,,
youShop,Inventory & catalog,,,
youShop,Catalog & Variants,,,
youShop,"Products, variants, barcodes",,,
youShop,Basic catalog,,,
youShop,+ Barcodes,,,
youShop,+ Variants,,,
youShop,Stock Tracking,,,
youShop,"Live stock, alerts, reorder",,,
youShop,Low-stock alerts,,,
youShop,Payments,,,
youShop,Payment Methods,,,
youShop,Accepted tender types,,,
youShop,Cash + Wallet / QR,,,
youShop,+ Cards (subject to country availability),,,
youShop,Auto-Reconciliation,,,
youShop,Match settlements to billing,,,
youShop,E-commerce & channels,,,
youShop,WebShop & Social Selling,,,
youShop,"Own storefront + Instagram, Facebook, WhatsApp Catalog",,,
youShop,Marketplaces (Merchant obtained),,,
youShop,Region-specific marketplace integrations,,,
youShop,3rd-Party Logistics,,,
youShop,Region-specific last-mile partners,,,
youShop,Customer database & loyalty,,,
youShop,Customer Database / CRM,,,
youShop,Customer profiles and purchase history,,,
youShop,0 records,,,
youShop,50 records,,,
youShop,Loyalty Program,,,
youShop,"Points, rewards, tiers, campaigns",,,
youShop,Basic customer capture,,,
youShop,Analytics & reporting (native),,,
youShop,Sales Analytics,,,
youShop,Native dashboards and reports,,,
youShop,Daily sales summary,,,
youShop,Top-selling SKUs,,,
youShop,Payment breakdown,,,
youShop,Shift report,,,
youShop,Multi-outlet & franchise,,,
youShop,Multi-Store Dashboard,,,
youShop,Centralised view across stores,,,
youShop,Basic dashboard (1–2 stores),,,
youShop,Accounting & finance,,,
youShop,Basic Auto-Ledger,,,
youShop,"Auto sales-entries, tax reporting, AI OCR",,,
youShop,youAccounts (Full),,,
youShop,Advanced accounting module,,,
youShop,"HR, attendance & payroll",,,
youShop,HR & Payroll (youHR),,,
youShop,"Attendance, scheduling, payroll, statutory",,,
youShop,Basic attendance,,,
youShop,Hardware,,,
youShop,Retail Hardware,,,
youShop,"POS, scanners, printers, tablets",,,
youShop,BYO only,,,
youShop,Starter Mobile kit (Bluetooth thermal printer),,,
youShop,Security & access controls,,,
youShop,Authentication & Access,,,
youShop,"MFA, RBAC, audit logs",,,
youShop,Standard security,,,
youShop,+ MFA,,,
youShop,Support & success,,,
youShop,Customer Support,,,
youShop,"Channels, response times, SLA",,,
youShop,Self-service only,,,
youShop,Standard Support,,,
youShop,Email + chat,,,
youShop,24hr response,,,
youShop,Business hours,,,
youShop,Slide across to compare tiers — the feature column stays fixed.,,,
youShop,Freemium to Starter — priced per POS.,,,
youShop,Plan prices are shown in the comparison table above. Tell us your setup and we'll build a quote.,,,
youShop,Get a custom quote,,,
youShop,"A fintech taking Sri Lanka's micro-merchants from payment acceptance to credit. Built in Colombo by LGO Paytech, with LankaPay and a local lending partner.",,,
youShop,connect@lgotech.lk,,,
youShop,Play Store,,,
youShop,Products,,,
youShop,Merchants,,,
youShop,How it works,,,
youShop,Help centre,,,
youShop,Company,,,
youShop,Contact,,,
youShop,Terms of use,,,
youShop,Privacy policy,,,
youShop,Cookie policy,,,
youShop,"— operated by LGO, Sri Lanka. Payments by LankaPay (CBSL-licensed). Credit by a local lending partner. ·",,,
youResto,Solutions,,,
youResto,Unified restaurant platform,,,
youResto,"Front of house to kitchen, one system",,,
youResto,"Ordering, KDS, table management, payments, delivery and accounting are connected end to end — one source of truth for every outlet.",,,
youResto,Live kitchen flow,,,
youResto,Tickets that never get lost,,,
youResto,"Orders route to the right station with prep timing, course firing and printer routing, so the pass keeps moving even on a full house.",,,
youResto,Table & delivery,,,
youResto,Every channel on one screen,,,
youResto,"Dine-in, QR self-order and aggregator delivery orders sit in a single queue with split and merged bills and reservation management.",,,
youResto,Offline billing,,,
youResto,Service continues offline,,,
youResto,"Take orders and settle bills without internet — tickets, KOTs and payments are stored on the device and reconcile automatically when you reconnect.",,,
youResto,Compare plans,,,
youResto,Freemium to Starter — feature by feature.,,,
youResto,Every youResto tier builds on the one before it. Here is exactly what unlocks as you grow from a single outlet to a busier floor.,,,
youResto,Legend,,,
youResto,✓ Included · — Not included · Text = feature scope at that tier,,,
youResto,Feature,,,
youResto,What it does,,,
youResto,FREEMIUM,,,
youResto,forever,,,
youResto,Free,,,
youResto,STARTER,,,
youResto,/POS · mo,,,
youResto,Premium · 1–2 outlets,,,
youResto,Talk to sales,,,
youResto,Core service & ordering,,,
youResto,Billing & Invoicing,,,
youResto,"Order taking, split bills, receipts",,,
youResto,25 menu items,,,
youResto,250 bills / month,,,
youResto,50 menu items,,,
youResto,"1,000 bills / month",,,
youResto,Number of Outlets,,,
youResto,Restaurants supported per account,,,
youResto,Staff User Accounts,,,
youResto,FOH + kitchen users per account,,,
youResto,Offline Billing,,,
youResto,"Take orders offline, sync on reconnect",,,
youResto,Front-of-house management,,,
youResto,Floor Plan & Waitlist,,,
youResto,"Live table map, waitlist, walk-ins",,,
youResto,Kitchen display system (KDS),,,
youResto,Kitchen order routing & display,,,
youResto,Add-on,,,
youResto,Digital ordering & pay-at-table,,,
youResto,Table Ordering & Payment,,,
youResto,Guest self-order & pay,,,
youResto,Payments,,,
youResto,Payment Methods,,,
youResto,Accepted tender types,,,
youResto,Cash + Wallet / QR,,,
youResto,+ Cards (subject to country availability),,,
youResto,Auto-Reconciliation,,,
youResto,Match settlements to billing,,,
youResto,Delivery ecosystem,,,
youResto,Aggregators (Merchant obtained),,,
youResto,Local aggregators (region-specific),,,
youResto,1 aggregator connector,,,
youResto,Own Branded Delivery App,,,
youResto,Branded guest ordering app,,,
youResto,3rd-Party Delivery Fleets,,,
youResto,Region-specific delivery fleets,,,
youResto,Social Ordering,,,
youResto,"Facebook, Instagram, WhatsApp orders",,,
youResto,"Inventory, recipes & menu engineering",,,
youResto,Ingredient & Stock Tracking,,,
youResto,"Ingredient counts, low-stock alerts",,,
youResto,Guest database & loyalty,,,
youResto,Guest Database / CRM,,,
youResto,Guest profiles and preferences,,,
youResto,0 records,,,
youResto,50 records,,,
youResto,Loyalty Program,,,
youResto,"Rewards, tiers, campaigns",,,
youResto,Basic guest capture,,,
youResto,Analytics & reporting (native),,,
youResto,Sales Analytics,,,
youResto,Native dashboards and reports,,,
youResto,Daily sales summary,,,
youResto,Top-selling items,,,
youResto,Payment breakdown,,,
youResto,Shift report,,,
youResto,Multi-outlet & franchise,,,
youResto,Multi-Outlet Dashboard,,,
youResto,Centralised view across outlets,,,
youResto,Basic dashboard (1–2 outlets),,,
youResto,Accounting & finance,,,
youResto,Basic Auto-Ledger,,,
youResto,"Auto sales-entries, tax reporting, AI OCR",,,
youResto,youAccounts (Full),,,
youResto,Advanced accounting module,,,
youResto,"HR, attendance & payroll",,,
youResto,HR & Payroll (youHR),,,
youResto,"Attendance, scheduling, payroll",,,
youResto,Basic attendance,,,
youResto,Hardware,,,
youResto,Restaurant Hardware,,,
youResto,"POS, KDS printers, tablets",,,
youResto,BYO only,,,
youResto,Starter Mobile kit (Bluetooth thermal printer),,,
youResto,Security & access controls,,,
youResto,Authentication & Access,,,
youResto,"MFA, RBAC, audit logs",,,
youResto,Standard security,,,
youResto,+ MFA,,,
youResto,Support & success,,,
youResto,Customer Support,,,
youResto,"Channels, response times, SLA",,,
youResto,Self-service only,,,
youResto,Standard Support,,,
youResto,Email + chat,,,
youResto,24hr response,,,
youResto,Business hours,,,
youResto,Slide across to compare tiers — the feature column stays fixed.,,,
youResto,Freemium to Starter — priced per POS.,,,
youResto,Plan prices are shown in the comparison table above. Tell us your setup and we'll build a quote.,,,
youResto,Get a custom quote,,,
youResto,"A fintech taking Sri Lanka's micro-merchants from payment acceptance to credit. Built in Colombo by LGO Paytech, with LankaPay and a local lending partner.",,,
youResto,connect@lgotech.lk,,,
youResto,Play Store,,,
youResto,Products,,,
youResto,Merchants,,,
youResto,How it works,,,
youResto,Help centre,,,
youResto,Company,,,
youResto,Contact,,,
youResto,Terms of use,,,
youResto,Privacy policy,,,
youResto,Cookie policy,,,
youResto,"— operated by LGO, Sri Lanka. Payments by LankaPay (CBSL-licensed). Credit by a local lending partner. ·",,,
youQR,Solutions,,,
youQR,Unified QR platform,,,
youQR,"Order, pay and reward in one flow",,,
youQR,"Scan-to-order, LankaQR and card payments and a full loyalty engine all live on a single link — no app download for your customers.",,,
youQR,Instant menu control,,,
youQR,Change the menu in seconds,,,
youQR,"Mark an item sold out or update a price and every table sees it instantly — no reprinting, no stale QR codes on the floor.",,,
youQR,Kitchen & counter routing,,,
youQR,Orders land where they're made,,,
youQR,"QR orders route straight to the kitchen display or counter queue, so nothing waits for a server to key it in.",,,
youQR,Offline resilience,,,
youQR,Resilient on any connection,,,
youQR,"Payments capture and orders queue even on a flaky connection, syncing automatically the moment signal returns — no lost tickets.",,,
youQR,Compare plans,,,
youQR,Freemium to Power — feature by feature.,,,
youQR,Every youQR tier builds on the one before it. Here is exactly what unlocks as you scale app-less QR ordering across your outlets.,,,
youQR,Legend,,,
youQR,"✓ Included · — Not included · Text = feature scope at that tier · ""+"" builds on the previous tier",,,
youQR,ENTERPRISE,,,
youQR,reserved for the custom Enterprise plan above Power,,,
youQR,Feature,,,
youQR,What it does,,,
youQR,FREEMIUM,,,
youQR,/ month,,,
youQR,Free,,,
youQR,STARTER,,,
youQR,Premium · 1–2 outlets,,,
youQR,Talk to sales,,,
youQR,STANDARD,,,
youQR,Premium · 3–8 outlets,,,
youQR,POWER,,,
youQR,Premium · 9+ outlets,,,
youQR,Core service & ordering,,,
youQR,Menu Items,,,
youQR,Items live on the QR ordering surface,,,
youQR,25 menu items,,,
youQR,100 menu items,,,
youQR,500 menu items,,,
youQR,Unlimited items,,,
youQR,Orders / Month,,,
youQR,Monthly transaction volume cap,,,
youQR,100 orders / month,,,
youQR,500 orders / month,,,
youQR,"2,500 orders / month",,,
youQR,Unlimited orders,,,
youQR,Number of Outlets,,,
youQR,Locations supported per account,,,
youQR,9+ / Unlimited,,,
youQR,Order Modes,,,
youQR,"Table, counter, pickup",,,
youQR,1 mode,,,
youQR,All modes,,,
youQR,All modes + custom,,,
youQR,Branding,,,
youQR,Customer-Facing Branding,,,
youQR,Look & feel of the QR ordering surface,,,
youQR,Youcloud-branded,,,
youQR,Fully white-labelled,,,
youQR,+ custom domain,,,
youQR,+ theme,,,
youQR,Payments,,,
youQR,Payment Methods,,,
youQR,Accepted tender types at checkout,,,
youQR,QR + Pay-by-Link,,,
youQR,+ Mobile Wallets,,,
youQR,+ Cards,,,
youQR,+ Split payments,,,
youQR,+ Gift cards,,,
youQR,SVA / Stored Value Wallet,,,
youQR,Closed-loop prepaid balance for customers,,,
youQR,Top-up + Spend,,,
youQR,+ Cashback rules,,,
youQR,+ Tiered loyalty,,,
youQR,Auto-Reconciliation,,,
youQR,Match settlements to ordering ledger,,,
youQR,Loyalty engine,,,
youQR,Programme-Wide Loyalty,,,
youQR,Network-level rewards (always included),,,
youQR,Merchant-Specific Loyalty,,,
youQR,"Per-merchant points, campaigns, tiers",,,
youQR,Available as add-on,,,
youQR,Bundled as standard,,,
youQR,Tier Programmes,,,
youQR,Silver / Gold / Platinum reward tiers,,,
youQR,✓ + Custom tiers,,,
youQR,Gamification & Streaks,,,
youQR,"Visit streaks, milestone badges, challenges",,,
youQR,Customer & data,,,
youQR,Customer Profiles,,,
youQR,Captured CRM records per account,,,
youQR,0 records,,,
youQR,50 records,,,
youQR,500 records,,,
youQR,Unlimited records,,,
youQR,Targeted Campaigns,,,
youQR,Segmented messaging & promotions,,,
youQR,Basic segments,,,
youQR,Full segmentation,,,
youQR,+ scheduling,,,
youQR,Dashboard & operations,,,
youQR,Live Order Feed,,,
youQR,"Real-time orders, status, routing",,,
youQR,KDS (Kitchen Display System),,,
youQR,Order routing & prep coordination,,,
youQR,1 station included,,,
youQR,2 stations included,,,
youQR,+ Course firing,,,
youQR,Sales Analytics,,,
youQR,"Revenue, peak hours, top items",,,
youQR,Daily summary,,,
youQR,+ Weekly,,,
youQR,+ Top items,,,
youQR,+ Cross-outlet,,,
youQR,+ Hourly trends,,,
youQR,+ Cohort reports,,,
youQR,+ Custom reports,,,
youQR,+ Exports,,,
youQR,Inventory Insights,,,
youQR,Stock movement & threshold alerts,,,
youQR,Stock thresholds + alerts,,,
youQR,+ Auto-reorder triggers,,,
youQR,Multi-outlet & integration,,,
youQR,Multi-Outlet Dashboard,,,
youQR,Centralised view across outlets,,,
youQR,Basic (1–2 outlets),,,
youQR,+ RBAC,,,
youQR,Full central dashboard,,,
youQR,+ Group reporting,,,
youQR,+ Policy controls,,,
youQR,API & Webhook Access,,,
youQR,Custom integrations to partner systems,,,
youQR,Full REST API + Webhooks,,,
youQR,Co-existence with youShop / youResto,,,
youQR,Shared data layer when co-deployed,,,
youQR,Shared customer + loyalty,,,
youQR,"Shared everything (customer, loyalty, inventory, accounting)",,,
youQR,Security & access controls,,,
youQR,Authentication & Access,,,
youQR,"MFA, RBAC, audit logs",,,
youQR,Standard security,,,
youQR,+ MFA,,,
youQR,+ Role-based access control,,,
youQR,+ RBAC + audit logs,,,
youQR,Support & success,,,
youQR,Customer Support,,,
youQR,"Channels, response times, SLA",,,
youQR,Self-service only,,,
youQR,Standard Support,,,
youQR,Email + chat,,,
youQR,24hr response,,,
youQR,Business hours,,,
youQR,Priority Support,,,
youQR,Email + chat + phone,,,
youQR,4hr response,,,
youQR,Extended hours,,,
youQR,Named support agent,,,
youQR,24/7 phone support,,,
youQR,SLA-backed 1hr response,,,
youQR,Quarterly business reviews,,,
youQR,Slide across to compare tiers — the feature column stays fixed. Add-ons attach to any tier including Freemium. Enterprise is a custom plan above Power.,,,
youQR,Freemium to Power — priced per POS.,,,
youQR,Plan prices are shown in the comparison table above. Enterprise — Custom on request · tell us your setup and we'll build a quote.,,,
youQR,Get a custom quote,,,
youQR,"A fintech taking Sri Lanka's micro-merchants from payment acceptance to credit. Built in Colombo by LGO Paytech, with LankaPay and a local lending partner.",,,
youQR,connect@lgotech.lk,,,
youQR,Play Store,,,
youQR,Products,,,
youQR,Hardware,,,
youQR,Merchants,,,
youQR,How it works,,,
youQR,Help centre,,,
youQR,Company,,,
youQR,Contact,,,
youQR,Terms of use,,,
youQR,Privacy policy,,,
youQR,Cookie policy,,,
youQR,"— operated by LGO, Sri Lanka. Payments by LankaPay (CBSL-licensed). Credit by a local lending partner. ·",,,
Hardware,Solutions,,,
Hardware,HANDHELD POS,,,
Hardware,"All-in-one Android terminal that runs youShop with a built-in receipt printer, card reader, camera scanner and 4G.",,,
Hardware,"◆ 5.5"" touchscreen · Android",,,
Hardware,◆ Built-in thermal printer,,,
Hardware,◆ Card reader & 4G / Wi-Fi,,,
Hardware,LKR,,,
Hardware,TABLE TOP POS,,,
Hardware,"A 10"" tabletop Android POS built for table-side ordering — card, NFC and QR payments with a built-in barcode scanner and external receipt printer.",,,
Hardware,"◆ Display · 10"" HD+ touch",,,
Hardware,◆ Card reader · Built-in NFC + EMV,,,
Hardware,◆ Barcode · Built-in scanner,,,
Hardware,◆ Printer · 80 mm external,,,
Hardware,◆ Best for · Table-side ordering,,,
Hardware,Talk to sales,,,
Hardware,SELF-ORDER KIOSK,,,
Hardware,"A floor-standing self-ordering kiosk for restaurants and quick-service counters. Customers browse, order and pay themselves.",,,
Hardware,◆ Large HD touchscreen,,,
Hardware,◆ Built-in printer & scanner,,,
Hardware,◆ LankaQR & Visa payments,,,
Hardware,QR & AUDIO CONFIRMATION,,,
Hardware,"Desktop QR display that shows the amount due and announces every payment out loud, in Sinhala or Tamil.",,,
Hardware,◆ On-screen QR to pay,,,
Hardware,◆ Voice confirmation,,,
Hardware,◆ Perfect for busy counters,,,
Hardware,BLUETOOTH PRINTER,,,
Hardware,Receipt 58,,,
Hardware,58 mm Bluetooth thermal printer. Pairs with youShop in one tap and prints crisp receipts and daily Z-reports.,,,
Hardware,◆ 58 mm thermal paper,,,
Hardware,◆ One-tap Bluetooth pairing,,,
Hardware,◆ Rechargeable battery,,,
Hardware,KITCHEN DISPLAY SYSTEM,,,
Hardware,KDS Tablet,,,
Hardware,Wall-mounted kitchen display for youResto and youQR. Orders appear the second they land — no more shouting across the kitchen.,,,
Hardware,◆ Live ticket board by table,,,
Hardware,◆ Colour-coded prep timers,,,
Hardware,◆ Syncs with youResto,,,
Hardware,Notify me,,,
Hardware,PAIRS IN SECONDS,,,
Hardware,Every device works with the youShop and youResto apps,,,
Hardware,"Buy only what you need, when you need it. Add a printer today, a kiosk next year — it all connects to the same account.",,,
Hardware,connect@lgotech.lk,,,
Hardware,Play Store,,,
Hardware,Products,,,
Hardware,Hardware,,,
Hardware,Merchants,,,
Hardware,How it works,,,
Hardware,Help centre,,,
Hardware,Company,,,
Hardware,Contact,,,
Hardware,Terms of use,,,
Hardware,Privacy policy,,,
Hardware,"— operated by LGO, Sri Lanka. Payments by LankaPay (CBSL-licensed). Credit by Sampath Bank. ·",,,
Solutions,Solutions,,,
Solutions,← Back to home,,,
Solutions,One platform.,,,
Solutions,Every kind of business.,,,
Solutions,"youShop, youResto and youQR aren't just three products — they're building blocks. Combined with a few intelligent add-ons, every kind of merchant business gets a purpose-built solution on the same platform underneath.",,,
Solutions,01 · Hospitality,,,
Solutions,Digital Café,,,
Solutions,"Table QR ordering, a self-service kiosk and a direct-order app end aggregator commission and payment friction.",,,
Solutions,"◆ QR at every table plus a kiosk — scan, order, pay and earn loyalty instantly.",,,
Solutions,◆ A direct branded app saves 25–30% otherwise lost to aggregator commission.,,,
Solutions,◆ AI demand forecasting and kitchen hygiene monitoring keep costs and compliance in check.,,,
Solutions,How it flows,,,
Solutions,Stock,,,
Solutions,Order,,,
Solutions,Kitchen,,,
Solutions,Pay,,,
Solutions,Book,,,
Solutions,Insights,,,
Solutions,02 · Distribution,,,
Solutions,FMCG Distribution,,,
Solutions,"Route sales reps carry offline billing, live credit visibility and cashless collection into the field.",,,
Solutions,◆ Offline billing syncs every order to HQ the moment signal returns.,,,
Solutions,◆ Reps see each outlet's credit exposure before writing the invoice.,,,
Solutions,"◆ Pre-approved retailer lending, underwritten from purchase pattern — no paperwork.",,,
Solutions,Route,,,
Solutions,Dispatch,,,
Solutions,03 · Mobility,,,
Solutions,Taxi & Fleet,,,
Solutions,"In-cab payments, driver wallets and nightly automated settlement replace cash and spreadsheets.",,,
Solutions,"◆ Card, wallet and QR in-cab cut cash handling by more than 60%.",,,
Solutions,"◆ Automated nightly settlement — commission, bonus, fuel and tax withholding.",,,
Solutions,"◆ Lending against trip history for fuel and repair advances, auto-repaid from earnings.",,,
Solutions,Request,,,
Solutions,Trip,,,
Solutions,Split,,,
Solutions,Wallet,,,
Solutions,Advance,,,
Solutions,04 · Manufacturing,,,
Solutions,Production Enterprise,,,
Solutions,"One platform connects raw material, production costing, warehousing and every retail channel.",,,
Solutions,"◆ Recipe and BOM costing rolls material, labour and overhead into a live unit cost.",,,
Solutions,"◆ Inter-store transfers keep warehouse and outlet stock in sync, with no double-counting.",,,
Solutions,"◆ One settlement across counter, table QR, kiosk and online.",,,
Solutions,Procure,,,
Solutions,Cost,,,
Solutions,Warehouse,,,
Solutions,Transfer,,,
Solutions,Sell,,,
Solutions,Close,,,
Solutions,05 · Ultra-SMB,,,
Solutions,Micro-merchant,,,
Solutions,Free forever software that grows into working-capital credit as a sales history builds.,,,
Solutions,"◆ Freemium is $0 forever, and runs on the merchant's own phone.",,,
Solutions,◆ A live Predictability Index replaces paperwork as a credit score.,,,
Solutions,◆ Pre-approved lending appears in the dashboard after about 90 days of sales.,,,
Solutions,Install,,,
Solutions,Accept,,,
Solutions,History,,,
Solutions,Score,,,
Solutions,Loan,,,
Solutions,Repay,,,
Solutions,06 · Enterprise Retail,,,
Solutions,Multi-brand Chain,,,
Solutions,"Central purchasing and consolidated books for franchise groups, with autonomy at the brand level.",,,
Solutions,"◆ One tenant, many brand storefronts, with centralised price and promo push.",,,
Solutions,"◆ Role-based access — franchisees see their own P&L, HQ sees everything.",,,
Solutions,"◆ Group books consolidate nightly, with VAT filed per entity.",,,
Solutions,Distribute,,,
Solutions,Consolidate,,,
Solutions,07 · Cloud Kitchen,,,
Solutions,Cloud Kitchen Operator,,,
Solutions,"Many delivery brands run from one kitchen, unified onto a single order queue and settlement.",,,
Solutions,"◆ Every aggregator lands on one kitchen display — one screen, one queue.",,,
Solutions,◆ Mark an item out of stock once; it disappears from every channel in seconds.,,,
Solutions,◆ Per-brand settlement and demand forecasting to cut prep waste.,,,
Solutions,Configure,,,
Solutions,Orders,,,
Solutions,Display,,,
Solutions,Settle,,,
Solutions,Forecast,,,
Solutions,Don't see your use case?,,,
Solutions,Every business has a solution somewhere in the platform.,,,
Solutions,Tell us how your business runs — we'll show you exactly how the platform assembles for it.,,,
Solutions,See pricing,,,
Solutions,"A fintech taking Sri Lanka's micro-merchants from payment acceptance to credit. Built in Colombo by LGO Paytech, with LankaPay and a local lending partner.",,,
Solutions,connect@lgotech.lk,,,
Solutions,Play Store,,,
Solutions,Products,,,
Solutions,Hardware,,,
Solutions,Merchants,,,
Solutions,How it works,,,
Solutions,Company,,,
Solutions,Contact,,,
Solutions,Terms of use,,,
Solutions,Privacy policy,,,
Solutions,"— operated by LGO, Sri Lanka. Payments by LankaPay (CBSL-licensed). Credit by a local lending partner. ·",,,
Contact,Solutions,,,
Contact,Contact us,,,
Contact,Let's get you selling with,,,
Contact,LGO.,,,
Contact,"Start free in minutes, or book a demo for multi-outlet and enterprise needs.",,,
Contact,Start free · SMB,,,
Contact,Book demo · Enterprise,,,
Contact,Start your free account,,,
Contact,Freemium plan · LKR 0 forever · no credit card required.,,,
Contact,Which product?,,,
Contact,Hardware,,,
Contact,First name,,,
Contact,Last name,,,
Contact,Business name,,,
Contact,Email,,,
Contact,Mobile number,,,
Contact,Country,,,
Contact,Number of shops / outlets,,,
Contact,I agree to be contacted about my LGO account. No spam — you can unsubscribe any time.,,,
Contact,Start free →,,,
Contact,"A fintech taking Sri Lanka's micro-merchants from payment acceptance to credit. Built in Colombo by LGO Paytech, with LankaPay and a local lending partner.",,,
Contact,connect@lgotech.lk,,,
Contact,Play Store,,,
Contact,Products,,,
Contact,Merchants,,,
Contact,How it works,,,
Contact,Help centre,,,
Contact,Company,,,
Contact,Contact,,,
Contact,Terms of use,,,
Contact,Privacy policy,,,
Contact,"— operated by LGO, Sri Lanka. Payments by LankaPay (CBSL-licensed). Credit by a local lending partner. ·",,,
Terms,Solutions,,,
Terms,Legal,,,
Terms,Terms of Use,,,
Terms,"These terms govern your use of the youShop and youResto apps, website and hardware. By downloading, installing or using any LGO product, you agree to them. Please read them carefully.",,,
Terms,"Last updated · July 2026 · Colombo, Sri Lanka",,,
Terms,1. Who we are,,,
Terms,"LGO is a merchant software and embedded-credit platform operated in Sri Lanka. Payment acceptance is provided by LankaPay under its CBSL licence, and working-capital credit is provided by Sampath Bank. These partners are responsible for the regulated services they supply; LGO provides the software layer that connects them.",,,
Terms,2. Your account,,,
Terms,"You are responsible for keeping your login credentials, staff accounts and device secure, and for all activity that takes place under your account. You must give accurate business and identity information and keep it up to date. We may suspend accounts that show signs of fraud, misuse or activity that puts other merchants or customers at risk.",,,
Terms,3. Payments & fees,,,
Terms,"The youShop app is free for micro-merchants. Paid plans and add-ons are billed as shown at sign-up. Payment methods such as wallets and cards may attract per-transaction bank charges levied by the payment provider; these are additional to any LGO subscription and should be confirmed before you transact. Settlement times depend on the underlying rail (LankaQR, Visa, LankaPay or card networks).",,,
Terms,4. Credit & lending,,,
Terms,"Working-capital offers are pre-approved and disbursed by Sampath Bank, subject to its eligibility, KYC and repayment terms. An offer appearing in the app is an indication, not a guarantee, and the final terms are set out in your loan agreement with the lender. Repayments may be collected automatically from a share of your daily sales. Borrow responsibly — credit is a commitment, not income.",,,
Terms,5. Hardware,,,
Terms,"Hardware is sold separately and remains subject to the warranty, shipping and installation terms stated at purchase. Any software tier bundled with a device applies for the stated period, after which normal subscription rates apply. Devices must be used only with genuine LGO software.",,,
Terms,6. Acceptable use,,,
Terms,"You agree not to use LGO for unlawful sales, to process payments on behalf of unrelated third parties, or to attempt to reverse-engineer, disrupt or gain unauthorised access to the platform. You are responsible for complying with the tax, consumer and licensing rules that apply to your business.",,,
Terms,7. Data & privacy,,,
Terms,"We process your business and transaction data to run the service, generate your sales history, and — with the lender — assess credit eligibility. We do not sell your data. Customer information you collect through LGO remains yours; you are the controller of it and must handle it lawfully.",,,
Terms,8. Availability & liability,,,
Terms,"We work to keep LGO available and accurate, but the service is provided on an ""as is"" basis. To the extent permitted by law, LGO is not liable for indirect or consequential losses, or for the acts of the payment and credit partners who supply the regulated services. Nothing in these terms limits liability that cannot be excluded by law.",,,
Terms,9. Changes & contact,,,
Terms,We may update these terms as the product and regulation evolve; material changes will be notified in-app or on this page. These terms are governed by the laws of Sri Lanka. Questions? Email,,,
Terms,connect@lgotech.lk,,,
Terms,or call,,,
Terms,Play Store,,,
Terms,Products,,,
Terms,Hardware,,,
Terms,Merchants,,,
Terms,How it works,,,
Terms,Help centre,,,
Terms,Company,,,
Terms,Contact,,,
Terms,Terms of use,,,
Terms,Privacy policy,,,
Terms,"— operated by LGO, Sri Lanka. Payments by LankaPay (CBSL-licensed). Credit by Sampath Bank. ·",,,
Privacy,Solutions,,,
Privacy,Legal,,,
Privacy,Privacy Policy,,,
Privacy,"This policy explains what personal and business data LGO collects, how we use it, and the choices you have. It applies to the youShop and youResto apps, website and hardware.",,,
Privacy,"Last updated · July 2026 · Colombo, Sri Lanka",,,
Privacy,1. Data we collect,,,
Privacy,"We collect the information you give us when you sign up and run your business on LGO — your name and contact details, business details and identity documents, staff accounts, and the products, sales and transactions you record. We also collect technical data such as device type, app version and log data needed to operate the service securely.",,,
Privacy,2. How we use it,,,
Privacy,"We use your data to run youShop, youResto and youQR, process payments through our partners, generate your sales history and reports, provide support, keep the platform secure, and — where you ask for it — assess eligibility for working-capital credit. We may send you service messages about your account.",,,
Privacy,3. Payments & credit partners,,,
Privacy,"Payment acceptance is provided by LankaPay under its CBSL licence and credit by Sampath Bank. When you transact or apply for credit, the relevant data is shared with these partners so they can deliver the regulated service. They act as independent controllers for the services they provide, under their own terms and privacy notices.",,,
Privacy,4. Your customers’ data,,,
Privacy,"Information you collect about your own customers through LGO belongs to you. You are the controller of that data and are responsible for handling it lawfully. LGO processes it only on your behalf to provide the service, and never sells it.",,,
Privacy,5. Sharing & disclosure,,,
Privacy,"We do not sell your personal data. We share it only with the payment and credit partners named above, with service providers who help us run LGO under confidentiality obligations, and where we are legally required to do so by a competent authority.",,,
Privacy,6. Retention,,,
Privacy,"We keep your data for as long as your account is active and for the period afterwards required to meet legal, tax, accounting and anti-fraud obligations. When data is no longer needed, we delete or anonymise it.",,,
Privacy,7. Security,,,
Privacy,"We use encryption, access controls and monitoring to protect your data. No system is perfectly secure, so you must also keep your login credentials, staff accounts and devices safe. Tell us immediately if you suspect unauthorised access.",,,
Privacy,8. Your rights,,,
Privacy,"Subject to applicable law, you can ask to access, correct, export or delete your personal data, and object to certain processing. Some data must be retained to meet legal obligations. To exercise a right, contact us using the details below.",,,
Privacy,9. Changes & contact,,,
Privacy,We may update this policy as the product and regulation evolve; material changes will be notified in-app or on this page. This policy is governed by the laws of Sri Lanka. Questions? Email,,,
Privacy,connect@lgotech.lk,,,
Privacy,or call,,,
Privacy,Play Store,,,
Privacy,Products,,,
Privacy,Hardware,,,
Privacy,Merchants,,,
Privacy,How it works,,,
Privacy,Help centre,,,
Privacy,Company,,,
Privacy,Contact,,,
Privacy,Terms of use,,,
Privacy,Privacy policy,,,
Privacy,"— operated by LGO, Sri Lanka. Payments by LankaPay (CBSL-licensed). Credit by Sampath Bank. ·",,,
